Sl No,Name,LAN1,LAN2,SW_Version,Healthy,Online
1,SPCsg126_1,OK,OK,2.3,Healthy,Online
2,SPCsg126_2,OK,OK,2.3,Healthy,Off-line
3,SPCsg101,OK,OK,2.2,Healthy,Off-line
4,SPCsg102,OK,OK,2.2,Healthy,Online
5,SPCsg103,OK,OK,2.2,Healthy,Off-line
6,SPCsg104,OK,OK,2.2,Healthy,Online
7,SPCsg107,OK,OK,3.2,Healthy,Off-line
8,SPCsg108,OK,OK,3.2,Healthy,Online
9,SPCsg118_PDA,NC,NC,0.0,--,--
10,SPCsg118_ESR,NC,NC,0.0,--,--
11,SPCsg115,OK,OK,1.3,--,--
12,SPCsg122,OK,OK,1.5,Healthy,Online
13,SPCsg123,OK,OK,1.5,Healthy,Off-line
14,SPCsg110,OK,OK,1.4,Healthy,Off-line
15,SPCsg111,OK,OK,1.4,Healthy,Online
16,SPCsg112,OK,OK,1.5,Healthy,Off-line
17,SPCsg113,OK,OK,1.5,Healthy,Online
18,SPCsg102_LKD1,OK,OK,2.0,--,--
19,SPCsg102_LKD2,OK,OK,2.0,--,--
20,SPCsg102_LKD3,OK,OK,2.0,--,--
21,SPCsg102_LKD4,OK,OK,2.0,--,--
22,SPCsg102_LKD5,OK,OK,2.0,--,--
23,SPCsg102_LKD6,OK,OK,2.0,--,--
24,SPCsg102_LKD7,OK,OK,2.0,--,--
25,SPCsg102_LKD8,OK,OK,2.0,--,--
26,SPCsg102_LKD9,OK,OK,2.0,--,--
27,SPCsg102_TC1,OK,OK,1.1,--,--
28,SPCsg102_TC2,OK,OK,1.1,--,--
29,SPCsg102_TC3,OK,OK,1.1,--,--
30,SPCsg102_TC4,OK,OK,1.1,--,--
31,SPCsg102_TC5,OK,OK,1.1,--,--
32,SPCsg102_TC6,OK,OK,1.1,--,--
33,SPCsg102_TC7,OK,OK,1.1,--,--
34,SPCsg102_TC8,OK,OK,1.1,--,--
35,SPCsg102_TC9,OK,OK,1.1,--,--
36,SPCsg102_TC10,OK,OK,1.1,--,--
37,SPCsg102_TC11,OK,OK,1.1,--,--
38,SPCsg104_LKD1,OK,OK,2.0,--,--
39,SPCsg104_LKD2,OK,OK,2.0,--,--
40,SPCsg104_LKD3,OK,OK,2.0,--,--
41,SPCsg104_LKD4,OK,OK,2.0,--,--
42,SPCsg104_LKD5,OK,OK,2.0,--,--
43,SPCsg104_LKD6,OK,OK,2.0,--,--
44,SPCsg104_LKD7,OK,OK,2.0,--,--
45,SPCsg104_LKD8,OK,OK,2.0,--,--
46,SPCsg104_LKD9,NC,NC,0.0,--,--
47,SPCsg104_TC1,OK,OK,1.1,--,--
48,SPCsg104_TC2,OK,OK,1.1,--,--
49,SPCsg104_TC3,OK,OK,1.1,--,--
50,SPCsg104_TC4,OK,OK,1.1,--,--
51,SPCsg104_TC5,OK,OK,1.1,--,--
52,SPCsg104_TC6,OK,OK,1.1,--,--
53,SPCsg104_TC7,OK,OK,1.1,--,--
54,SPCsg104_TC8,OK,OK,1.1,--,--
55,SPCsg104_TC9,OK,OK,1.1,--,--
56,SPCsg104_TC10,OK,OK,1.1,--,--
57,SPCsg104_TC11,NC,NC,0.0,--,--
58,RTUsg64_004_101_DI,NC,NC,0.0,--,--
59,RTUsg12_101_DI1,OK,OK,1.0,--,--
60,RTUsg12_101_DI2,NC,NC,0.0,--,--
61,RTUsg12_101_LKD1,OK,OK,1.1,--,--
62,RTUsg12_101_LKD2,OK,OK,1.1,--,--
63,RTUsg12_101_LKD3,OK,OK,1.1,--,--
64,RTUsg12_101_TC1,OK,OK,1.1,--,--
65,RTUsg12_101_TC2,NC,NC,0.0,--,--
66,RTUsg12_101_TC3,OK,OK,1.1,--,--
67,RTUsg12_106_DI1,OK,OK,1.0,--,--
68,RTUsg12_106_LKD1,OK,OK,1.1,--,--
69,RTUsg12_106_LKD2,OK,OK,1.1,--,--
70,RTUsg12_106_LKD3,OK,OK,1.1,--,--
71,RTUsg12_106_LKD4,OK,OK,1.1,--,--
72,RTUsg12_106_LKD5,OK,OK,1.1,--,--
73,RTUsg12_106_LKD6,OK,OK,1.1,--,--
74,RTUsg12_106_TC1,OK,OK,1.1,--,--
75,RTUsg12_106_TC2,OK,OK,1.1,--,--
76,RTUsg12_106_TC3,OK,OK,1.1,--,--
77,RTUsg12_106_TC4,OK,OK,1.1,--,--
78,RTUsg12_106_TC5,OK,OK,1.1,--,--
79,RTUsg12_106_TC6,OK,OK,1.1,--,--
80,RTUsg22_102_DI1,OK,OK,1.0,--,--
81,RTUsg22_102_LKD1,OK,OK,1.1,--,--
82,RTUsg22_102_LKD2,OK,OK,1.1,--,--
83,RTUsg22_102_LKD3,OK,OK,1.1,--,--
84,RTUsg22_102_LKD4,OK,OK,1.1,--,--
85,RTUsg22_102_LKD5,OK,OK,1.1,--,--
86,RTUsg22_102_LKD6,OK,OK,1.1,--,--
87,RTUsg22_102_LKD7,OK,OK,1.1,--,--
88,RTUsg22_102_TC1,OK,OK,1.1,--,--
89,RTUsg22_102_TC2,OK,OK,1.1,--,--
90,RTUsg22_102_TC3,OK,OK,1.1,--,--
91,RTUsg22_102_TC4,OK,OK,1.1,--,--
92,RTUsg22_102_TC5,OK,OK,1.1,--,--
93,RTUsg22_102_TC6,OK,OK,1.1,--,--
94,RTUsg22_107_LKD1,OK,OK,1.1,--,--
95,RTUsg22_107_LKD2,OK,OK,1.1,--,--
96,RTUsg22_107_LKD3,OK,OK,1.1,--,--
97,RTUsg22_107_LKD4,OK,OK,1.1,--,--
98,RTUsg22_107_LKD5,OK,OK,1.1,--,--
99,RTUsg22_107_LKD6,OK,OK,1.1,--,--
100,RTUsg22_107_LKD7,OK,OK,1.1,--,--
101,RTUsg22_107_TC1,OK,OK,1.1,--,--
102,RTUsg22_107_TC2,OK,OK,1.1,--,--
103,RTUsg22_107_TC3,OK,OK,1.1,--,--
104,RTUsg22_107_TC4,OK,OK,1.1,--,--
105,RTUsg22_107_TC5,OK,OK,1.1,--,--
106,RTUsg22_108_DI1,OK,OK,1.0,--,--
107,RTUsg22_108_LKD1,OK,OK,1.1,--,--
108,RTUsg22_108_LKD2,OK,OK,1.1,--,--
109,RTUsg22_108_LKD3,NC,OK,1.1,--,--
110,RTUsg22_108_LKD4,OK,OK,1.1,--,--
111,RTUsg22_108_LKD5,OK,OK,1.1,--,--
112,RTUsg22_108_LKD6,OK,OK,1.1,--,--
113,RTUsg22_108_LKD7,OK,OK,1.1,--,--
114,RTUsg22_108_TC1,OK,OK,1.1,--,--
115,RTUsg22_108_TC2,OK,OK,1.1,--,--
116,RTUsg22_108_TC3,OK,OK,1.1,--,--
117,RTUsg22_108_TC4,OK,OK,1.1,--,--
118,RTUsg22_108_TC5,OK,OK,1.1,--,--
119,RTUsg30_103_DI1,OK,OK,1.0,--,--
120,RTUsg30_103_DI2,OK,OK,1.0,--,--
121,RTUsg30_103_LKD1,OK,OK,1.1,--,--
122,RTUsg30_103_LKD2,OK,OK,1.1,--,--
123,RTUsg30_103_LKD3,OK,OK,1.1,--,--
124,RTUsg30_103_LKD4,OK,OK,1.1,--,--
125,RTUsg30_103_LKD5,OK,OK,1.1,--,--
126,RTUsg30_103_LKD6,OK,OK,1.1,--,--
127,RTUsg30_103_LKD7,OK,OK,1.1,--,--
128,RTUsg30_103_TC1,OK,OK,1.1,--,--
129,RTUsg30_103_TC2,OK,OK,1.1,--,--
130,RTUsg30_103_TC3,OK,OK,1.1,--,--
131,RTUsg30_103_TC4,OK,OK,1.1,--,--
132,RTUsg30_103_TC5,OK,OK,1.1,--,--
133,RTUsg30_109_LKD1,OK,OK,1.1,--,--
134,RTUsg30_109_LKD2,OK,OK,1.1,--,--
135,RTUsg30_109_TC1,OK,OK,1.1,--,--
136,RTUsg30_109_TC2,OK,OK,1.1,--,--
137,RTUsg30_110_DI1,OK,OK,1.0,--,--
138,RTUsg30_110_DI2,NC,NC,0.0,--,--
139,RTUsg30_110_LKD1,OK,OK,1.1,--,--
140,RTUsg30_110_LKD2,OK,OK,1.1,--,--
141,RTUsg30_110_LKD3,OK,OK,1.1,--,--
142,RTUsg30_110_LKD4,OK,OK,1.1,--,--
143,RTUsg30_110_LKD5,OK,OK,1.1,--,--
144,RTUsg30_110_LKD6,OK,OK,1.1,--,--
145,RTUsg30_110_TC1,OK,OK,1.1,--,--
146,RTUsg30_110_TC2,OK,OK,1.1,--,--
147,RTUsg30_110_TC3,OK,OK,1.1,--,--
148,RTUsg30_110_TC4,OK,OK,1.1,--,--
149,RTUsg37_104_LKD1,OK,OK,1.1,--,--
150,RTUsg37_104_LKD2,OK,OK,1.1,--,--
151,RTUsg37_104_TC1,OK,OK,1.1,--,--
152,RTUsg37_104_TC2,OK,OK,1.1,--,--
153,RTUsg37_111_DI1,OK,OK,1.0,--,--
154,RTUsg37_111_LKD1,OK,OK,1.1,--,--
155,RTUsg37_111_LKD2,OK,OK,1.1,--,--
156,RTUsg37_111_LKD3,OK,OK,1.1,--,--
157,RTUsg37_111_LKD4,OK,OK,1.1,--,--
158,RTUsg37_111_LKD5,OK,OK,1.1,--,--
159,RTUsg37_111_LKD6,OK,OK,1.1,--,--
160,RTUsg37_111_LKD7,OK,OK,1.1,--,--
161,RTUsg37_111_TC1,OK,OK,1.1,--,--
162,RTUsg37_111_TC2,OK,OK,1.1,--,--
163,RTUsg37_111_TC3,OK,OK,1.1,--,--
164,RTUsg37_111_TC4,OK,NC,1.1,--,--
165,RTUsg37_111_TC5,OK,OK,1.1,--,--
166,RTUsg45_105_DI1,OK,OK,1.0,--,--
167,RTUsg45_105_LKD1,OK,OK,1.1,--,--
168,RTUsg45_105_LKD2,OK,OK,1.1,--,--
169,RTUsg45_105_LKD3,OK,OK,1.1,--,--
170,RTUsg45_105_LKD4,OK,OK,1.1,--,--
171,RTUsg45_105_LKD5,OK,OK,1.1,--,--
172,RTUsg45_105_TC1,OK,OK,1.1,--,--
173,RTUsg45_105_TC2,OK,OK,1.1,--,--
174,RTUsg45_105_TC3,OK,OK,1.1,--,--
175,RTUsg45_105_TC4,OK,OK,1.1,--,--
176,RTUsg45_112_DI1,OK,OK,1.0,--,--
177,RTUsg45_112_DI2,OK,OK,1.0,--,--
178,RTUsg45_112_LKD1,OK,OK,1.1,--,--
179,RTUsg45_112_LKD2,OK,OK,1.1,--,--
180,RTUsg45_112_LKD3,OK,OK,1.1,--,--
181,RTUsg45_112_LKD4,OK,OK,1.1,--,--
182,RTUsg45_112_TC1,OK,OK,1.1,--,--
183,RTUsg45_112_TC2,OK,OK,1.1,--,--
184,RTUsg45_112_TC3,OK,OK,1.1,--,--
185,RTUsg45_112_TC4,OK,OK,1.1,--,--
186,RTUsg180_004_AI1,OK,OK,1.1,--,--
187,RTUsg180_004_AI2,NC,OK,1.1,--,--
188,RTUsg180_004_DI1,OK,OK,1.0,--,--
189,RTUsg180_004_DI2,OK,OK,1.0,--,--
190,RTUsg180_004_DI3,OK,OK,1.0,--,--
191,RTUsg180_004_DI4,OK,OK,1.0,--,--
192,RTUsg180_004_DI5,OK,OK,0.0,--,--
193,RTUsg180_004_RO1,OK,OK,1.1,--,--
194,RTUsg180_004_RO2,OK,OK,1.1,--,--
195,RTUsg180_004_RO3,OK,OK,1.1,--,--
196,RTUsg180_004_RO4,OK,OK,1.1,--,--
197,RTUsg180_004_RO5,NC,NC,0.0,--,--
198,SPCsg226_1,OK,OK,2.2,Healthy,Off-line
199,SPCsg226_2,OK,OK,2.2,Healthy,Online
200,SPCsg205,OK,OK,2.5,Healthy,Online
201,SPCsg206,OK,OK,2.5,Healthy,Off-line
202,SPCsg201,OK,OK,2.2,Healthy,Off-line
203,SPCsg202,OK,OK,2.2,Healthy,Online
204,SPCsg203,OK,OK,2.2,Healthy,Off-line
205,SPCsg204,OK,OK,2.2,Healthy,Online
206,SPCsg201_LKD1,OK,OK,2.0,--,--
207,SPCsg201_LKD2,OK,OK,2.0,--,--
208,SPCsg201_LKD3,OK,OK,2.0,--,--
209,SPCsg201_LKD4,OK,OK,2.0,--,--
210,SPCsg201_LKD5,OK,OK,2.0,--,--
211,SPCsg201_LKD6,OK,OK,2.0,--,--
212,SPCsg201_LKD7,OK,OK,2.0,--,--
213,SPCsg201_LKD8,OK,OK,2.0,--,--
214,SPCsg201_LKD9,OK,OK,2.0,--,--
215,SPCsg201_TC1,OK,OK,1.1,--,--
216,SPCsg201_TC2,OK,OK,1.1,--,--
217,SPCsg201_TC3,OK,OK,1.1,--,--
218,SPCsg201_TC4,OK,OK,1.1,--,--
219,SPCsg201_TC5,OK,OK,1.1,--,--
220,SPCsg201_TC6,OK,OK,1.1,--,--
221,SPCsg201_TC7,OK,OK,1.1,--,--
222,SPCsg201_TC8,OK,OK,1.1,--,--
223,SPCsg201_TC9,OK,OK,1.1,--,--
224,SPCsg201_TC10,OK,OK,1.1,--,--
225,SPCsg201_TC11,OK,OK,1.1,--,--
226,SPCsg203_LKD1,OK,OK,2.0,--,--
227,SPCsg203_LKD2,OK,OK,2.0,--,--
228,SPCsg203_LKD3,OK,OK,2.0,--,--
229,SPCsg203_LKD4,OK,OK,2.0,--,--
230,SPCsg203_LKD5,OK,OK,2.0,--,--
231,SPCsg203_LKD6,OK,OK,2.0,--,--
232,SPCsg203_LKD7,OK,NC,2.0,--,--
233,SPCsg203_LKD8,OK,OK,2.0,--,--
234,SPCsg203_LKD9,OK,OK,2.0,--,--
235,SPCsg203_TC1,OK,OK,1.1,--,--
236,SPCsg203_TC2,OK,OK,1.1,--,--
237,SPCsg203_TC3,OK,OK,1.1,--,--
238,SPCsg203_TC4,OK,OK,1.1,--,--
239,SPCsg203_TC5,OK,OK,1.1,--,--
240,SPCsg203_TC6,OK,OK,1.1,--,--
241,SPCsg203_TC7,OK,OK,1.1,--,--
242,SPCsg203_TC8,OK,OK,1.1,--,--
243,SPCsg203_TC9,OK,OK,1.1,--,--
244,SPCsg203_TC10,OK,OK,1.1,--,--
245,SPCsg203_TC11,NC,NC,0.0,--,--
246,SPCsg207,OK,OK,3.2,Healthy,Online
247,SPCsg208,OK,OK,3.2,Healthy,Off-line
248,SPCsg218_PDA,NC,NC,0.0,--,--
249,SPCsg215,OK,OK,1.3,--,--
250,SPCsg218_ESR,NC,NC,0.0,--,--
251,SPCsg222,OK,OK,1.5,Healthy,Off-line
252,SPCsg223,OK,OK,1.5,Healthy,Online
253,SPCsg209,OK,OK,1.4,Healthy,Online
254,SPCsg210,OK,OK,1.4,Healthy,Off-line
255,SPCsg212,OK,OK,1.5,Healthy,Off-line
256,SPCsg213,OK,OK,1.5,Healthy,Online
257,RTUsg64_005_101_DI,OK,NC,0.0,--,--
258,RTUsg12_201_DI1,OK,OK,1.0,--,--
259,RTUsg12_201_DI2,OK,OK,1.0,--,--
260,RTUsg12_201_LKD1,OK,OK,1.1,--,--
261,RTUsg12_201_LKD2,OK,OK,1.1,--,--
262,RTUsg12_201_LKD3,OK,OK,1.1,--,--
263,RTUsg12_201_TC1,OK,OK,1.1,--,--
264,RTUsg12_201_TC2,OK,OK,1.1,--,--
265,RTUsg12_201_TC3,OK,OK,1.1,--,--
266,RTUsg22_202_DI1,OK,OK,1.0,--,--
267,RTUsg22_202_LKD1,OK,OK,1.1,--,--
268,RTUsg22_202_LKD2,OK,OK,1.1,--,--
269,RTUsg22_202_LKD3,OK,OK,1.1,--,--
270,RTUsg22_202_LKD4,OK,OK,1.1,--,--
271,RTUsg22_202_LKD5,OK,OK,1.1,--,--
272,RTUsg22_202_LKD6,OK,OK,1.1,--,--
273,RTUsg22_202_LKD7,OK,OK,1.1,--,--
274,RTUsg22_202_TC1,OK,OK,1.1,--,--
275,RTUsg22_202_TC2,OK,OK,1.1,--,--
276,RTUsg22_202_TC3,OK,OK,1.1,--,--
277,RTUsg22_202_TC4,OK,OK,1.1,--,--
278,RTUsg22_202_TC5,OK,OK,1.1,--,--
279,RTUsg22_202_TC6,OK,OK,1.1,--,--
280,RTUsg30_203_DI1,OK,OK,1.0,--,--
281,RTUsg30_203_DI2,OK,OK,1.0,--,--
282,RTUsg30_203_LKD1,OK,OK,1.1,--,--
283,RTUsg30_203_LKD2,OK,OK,1.1,--,--
284,RTUsg30_203_LKD3,OK,OK,1.1,--,--
285,RTUsg30_203_LKD4,OK,OK,1.1,--,--
286,RTUsg30_203_LKD5,OK,OK,1.1,--,--
287,RTUsg30_203_LKD6,OK,OK,1.1,--,--
288,RTUsg30_203_LKD7,OK,OK,1.1,--,--
289,RTUsg30_203_TC1,OK,OK,1.1,--,--
290,RTUsg30_203_TC2,OK,OK,1.1,--,--
291,RTUsg30_203_TC3,OK,OK,1.1,--,--
292,RTUsg30_203_TC4,OK,OK,1.1,--,--
293,RTUsg30_203_TC5,OK,OK,1.1,--,--
294,RTUsg37_204_LKD1,OK,OK,1.1,--,--
295,RTUsg37_204_LKD2,OK,OK,1.1,--,--
296,RTUsg37_204_TC1,OK,OK,1.1,--,--
297,RTUsg37_204_TC2,OK,OK,1.1,--,--
298,RTUsg45_205_DI1,OK,OK,1.0,--,--
299,RTUsg45_205_LKD1,OK,OK,1.1,--,--
300,RTUsg45_205_LKD2,OK,OK,1.1,--,--
301,RTUsg45_205_LKD3,OK,NC,1.1,--,--
302,RTUsg45_205_LKD4,OK,OK,1.1,--,--
303,RTUsg45_205_LKD5,OK,OK,1.1,--,--
304,RTUsg45_205_TC1,OK,OK,1.1,--,--
305,RTUsg45_205_TC2,OK,OK,1.1,--,--
306,RTUsg45_205_TC3,OK,OK,1.1,--,--
307,RTUsg45_205_TC4,OK,OK,1.1,--,--
308,RTUsg12_206_DI1,OK,OK,1.0,--,--
309,RTUsg12_206_DI2,OK,OK,1.0,--,--
310,RTUsg12_206_LKD1,OK,OK,1.1,--,--
311,RTUsg12_206_LKD2,OK,OK,1.1,--,--
312,RTUsg12_206_LKD3,OK,OK,1.1,--,--
313,RTUsg12_206_LKD4,OK,OK,1.1,--,--
314,RTUsg12_206_LKD5,OK,OK,1.1,--,--
315,RTUsg12_206_LKD6,OK,OK,1.1,--,--
316,RTUsg12_206_LKD7,OK,OK,1.1,--,--
317,RTUsg12_206_LKD8,OK,OK,1.1,--,--
318,RTUsg12_206_TC1,OK,OK,1.1,--,--
319,RTUsg12_206_TC2,OK,OK,1.1,--,--
320,RTUsg22_207_DI1,NC,NC,0.0,--,--
321,RTUsg22_207_LKD1,OK,OK,1.1,--,--
322,RTUsg22_207_LKD2,OK,OK,1.1,--,--
323,RTUsg22_207_LKD3,OK,OK,1.1,--,--
324,RTUsg22_207_LKD4,OK,OK,1.1,--,--
325,RTUsg22_207_LKD5,OK,OK,1.1,--,--
326,RTUsg22_207_LKD6,OK,OK,1.1,--,--
327,RTUsg22_207_LKD7,OK,OK,1.1,--,--
328,RTUsg22_207_TC1,OK,OK,1.1,--,--
329,RTUsg22_207_TC2,OK,OK,1.1,--,--
330,RTUsg22_207_TC3,OK,OK,1.1,--,--
331,RTUsg22_207_TC4,OK,OK,1.1,--,--
332,RTUsg22_207_TC5,OK,OK,1.1,--,--
333,RTUsg22_208_DI1,OK,OK,1.0,--,--
334,RTUsg22_208_LKD1,OK,OK,1.1,--,--
335,RTUsg22_208_LKD2,OK,OK,1.1,--,--
336,RTUsg22_208_LKD3,OK,OK,1.1,--,--
337,RTUsg22_208_LKD4,OK,OK,1.1,--,--
338,RTUsg22_208_LKD5,OK,OK,1.1,--,--
339,RTUsg22_208_LKD6,OK,OK,1.1,--,--
340,RTUsg22_208_LKD7,OK,OK,1.1,--,--
341,RTUsg22_208_TC1,OK,OK,1.1,--,--
342,RTUsg22_208_TC2,OK,OK,1.1,--,--
343,RTUsg22_208_TC3,OK,OK,1.1,--,--
344,RTUsg22_208_TC4,OK,OK,1.1,--,--
345,RTUsg22_208_TC5,OK,OK,1.1,--,--
346,RTUsg30_209_LKD1,OK,OK,1.1,--,--
347,RTUsg30_209_LKD2,OK,NC,1.1,--,--
348,RTUsg30_209_TC1,OK,OK,1.1,--,--
349,RTUsg30_209_TC2,OK,OK,1.1,--,--
350,RTUsg30_210_DI1,OK,OK,1.0,--,--
351,RTUsg30_210_DI2,OK,OK,1.0,--,--
352,RTUsg30_210_LKD1,OK,OK,1.1,--,--
353,RTUsg30_210_LKD2,OK,OK,1.1,--,--
354,RTUsg30_210_LKD3,OK,OK,1.1,--,--
355,RTUsg30_210_LKD4,OK,OK,1.1,--,--
356,RTUsg30_210_LKD5,OK,OK,1.1,--,--
357,RTUsg30_210_LKD6,OK,OK,1.1,--,--
358,RTUsg30_210_TC1,OK,OK,1.1,--,--
359,RTUsg30_210_TC2,OK,OK,1.1,--,--
360,RTUsg30_210_TC3,OK,OK,1.1,--,--
361,RTUsg30_210_TC4,OK,OK,1.1,--,--
362,RTUsg37_211_DI1,OK,OK,1.0,--,--
363,RTUsg37_211_LKD1,OK,OK,1.1,--,--
364,RTUsg37_211_LKD2,OK,OK,1.1,--,--
365,RTUsg37_211_LKD3,OK,OK,1.1,--,--
366,RTUsg37_211_LKD4,OK,OK,1.1,--,--
367,RTUsg37_211_LKD5,OK,OK,1.1,--,--
368,RTUsg37_211_LKD6,OK,OK,1.1,--,--
369,RTUsg37_211_LKD7,OK,OK,1.1,--,--
370,RTUsg37_211_TC1,OK,OK,1.1,--,--
371,RTUsg37_211_TC2,OK,OK,1.1,--,--
372,RTUsg37_211_TC3,OK,OK,1.1,--,--
373,RTUsg37_211_TC4,OK,OK,1.1,--,--
374,RTUsg45_212_DI1,OK,OK,1.0,--,--
375,RTUsg45_212_DI2,OK,NC,1.0,--,--
376,RTUsg45_212_LKD1,OK,OK,1.1,--,--
377,RTUsg45_212_LKD2,OK,OK,1.1,--,--
378,RTUsg45_212_LKD3,OK,OK,1.1,--,--
379,RTUsg45_212_LKD4,OK,OK,1.1,--,--
380,RTUsg45_212_TC1,OK,OK,1.1,--,--
381,RTUsg45_212_TC2,OK,OK,1.1,--,--
382,RTUsg45_212_TC3,OK,OK,1.1,--,--
383,RTUsg45_212_TC4,OK,OK,1.1,--,--
384,RTUsg12_213_TC1,OK,OK,1.1,--,--
385,RTUsg12_213_TC2,OK,OK,1.1,--,--
386,RTUsg12_213_TC3,OK,OK,1.1,--,--
387,RTUsg12_213_TC4,OK,OK,1.1,--,--
388,RTUsg12_213_TC5,OK,OK,1.1,--,--
389,RTUsg12_213_TC6,OK,OK,1.1,--,--
390,RTUsg280_003_AI1,OK,OK,1.1,--,--
391,RTUsg280_003_AI2,OK,OK,1.1,--,--
392,RTUsg280_003_DI1,NC,NC,0.0,--,--
393,RTUsg280_003_DI2,OK,OK,1.0,--,--
394,RTUsg280_003_DI3,OK,OK,1.0,--,--
395,RTUsg280_003_DI4,OK,OK,1.0,--,--
396,RTUsg280_003_DI5,NC,NC,0.0,--,--
397,RTUsg280_003_RO1,NC,NC,0.0,--,--
398,RTUsg280_003_RO2,OK,OK,1.1,--,--
399,RTUsg280_003_RO3,OK,OK,1.1,--,--
400,RTUsg280_003_RO4,NC,NC,0.0,--,--
401,RTUsg280_003_RO5,OK,OK,1.1,--,--
402,SPCrb113,OK,OK,3.0,--,--
403,SPCrb102,OK,OK,2.3,Healthy,Online
404,SPCrb103,OK,OK,2.3,Healthy,Off-line
405,SPCrb103_TC1,OK,OK,1.1,--,--
406,SPCrb103_TC2,OK,NC,1.1,--,--
407,SPCrb103_TC3,OK,OK,1.1,--,--
408,SPCrb103_TC4,OK,OK,1.1,--,--
409,SPCrb103_TC5,OK,OK,1.1,--,--
410,SPCrb103_LKD1,OK,OK,2.0,--,--
411,SPCrb103_LKD2,NC,NC,0.0,--,--
412,SPCrb103_LKD3,OK,OK,2.0,--,--
413,SPCrb103_LKD4,OK,OK,2.0,--,--
414,SPCrb103_LKD5,OK,OK,2.0,--,--
415,SPCrb103_LKD6,OK,OK,2.0,--,--
416,SPCrb106,NC,NC,0.0,--,--
417,SPCrb107,NC,NC,0.0,--,--
418,SPCrb108,NC,NC,0.0,--,--
419,SPCrb109,NC,NC,0.0,--,--
420,SPCrb104_DI1,OK,OK,1.0,--,--
421,SPCrb104_TC1,OK,OK,1.1,--,--
422,SPCrb104_TC2,OK,OK,1.1,--,--
423,SPCrb104_TC3,OK,OK,1.1,--,--
424,SPCrb104_TC4,OK,OK,1.1,--,--
425,SPCrb104_LKD1,OK,OK,1.1,--,--
426,SPCrb104_LKD2,OK,OK,1.1,--,--
427,SPCrb104_LKD3,OK,OK,1.1,--,--
428,SPCrb104_LKD4,OK,OK,1.1,--,--
429,SPCrb203,OK,OK,3.0,--,--
430,SPCrb206_1,OK,OK,2.6,Healthy,Off-line
431,SPCrb207_1,OK,OK,2.6,Healthy,Online
432,SPCrb206_2,OK,OK,2.4,Healthy,Online
433,SPCrb207_2,OK,OK,2.4,Healthy,Off-line
434,SPCrb209_MH1_LKD1,OK,OK,2.0,--,--
435,SPCrb209_MH1_LKD2,OK,OK,2.0,--,--
436,SPCrb209_MH1_LKD3,OK,OK,2.0,--,--
437,SPCrb209_MH1_LKD4,OK,OK,2.0,--,--
438,SPCrb209_MH1_LKD5,OK,OK,2.0,--,--
439,SPCrb209_MH1_LKD6,OK,OK,2.0,--,--
440,SPCrb209_MH1_LKD7,OK,OK,2.0,--,--
441,SPCrb209_MH1_LKD8,OK,OK,2.0,--,--
442,SPCrb209_MH1_LKD9,OK,OK,2.0,--,--
443,SPCrb209_MH2_LKD1,OK,OK,2.0,--,--
444,SPCrb209_MH2_LKD2,OK,OK,2.0,--,--
445,SPCrb209_MH2_LKD3,OK,OK,2.0,--,--
446,SPCrb209_MH2_LKD4,OK,OK,2.0,--,--
447,SPCrb209_MH2_LKD5,OK,OK,2.0,--,--
448,SPCrb209_MH2_LKD6,OK,OK,2.0,--,--
449,SPCrb209_MH2_LKD7,OK,OK,2.0,--,--
450,SPCrb209_MH2_LKD8,OK,OK,2.0,--,--
451,SPCrb209_MH2_LKD9,OK,OK,2.0,--,--
452,SPCrb208_TC1,OK,OK,1.1,--,--
453,SPCrb208_TC2,OK,OK,1.1,--,--
454,SPCrb208_TC3,OK,OK,1.1,--,--
455,SPCrb208_TC4,OK,OK,1.1,--,--
456,SPCrb208_TC5,OK,OK,1.1,--,--
457,SPCrb208_TC6,OK,OK,1.1,--,--
458,SPCrb208_TC7,OK,OK,1.1,--,--
459,SPCrb208_TC8,OK,OK,1.1,--,--
460,SPCrb208_TC9,OK,OK,1.1,--,--
461,SPCrb208_TC10,OK,OK,1.1,--,--
462,SPCrb208_TC11,OK,OK,1.1,--,--
463,SPCrb208_TC12,OK,OK,1.1,--,--
464,SPCrb208_TC13,OK,OK,1.1,--,--
465,SPCrb208_TC14,OK,OK,1.1,--,--
466,SPCrb208_TC15,OK,OK,1.1,--,--
467,SPCrb208_TC16,OK,OK,1.1,--,--
468,SPCrb209_TC1,NC,NC,0.0,--,--
469,SPCrb209_TC2,NC,NC,0.0,--,--
470,SPCrb209_TC3,OK,OK,1.1,--,--
471,SPCrb209_TC4,OK,OK,1.1,--,--
472,SPCrb209_TC5,OK,OK,1.1,--,--
473,SPCrb209_TC6,OK,OK,1.1,--,--
474,SPCrb209_TC7,OK,OK,1.1,--,--
475,SPCrb209_TC8,OK,OK,1.1,--,--
476,SPCrb209_TC9,OK,OK,1.1,--,--
477,RTUrb64_001_DI1,OK,OK,0.0,--,--
478,RTUrb64_001_DI2,OK,OK,0.0,--,--
479,SPCrb315,OK,OK,3.0,--,--
480,SPCrb304,OK,OK,2.1,Healthy,Online
481,SPCrb305,OK,OK,2.1,Healthy,Off-line
482,SPCrb306,OK,OK,2.1,Healthy,Online
483,SPCrb307,OK,OK,2.1,Healthy,Off-line
484,SPCrb311,OK,OK,2.7,Healthy,Off-line
485,SPCrb312,OK,OK,2.7,Healthy,Online
486,SPCrb301_IFTM1,OK,OK,3.1,Healthy,Online
487,SPCrb302_IFTM2,OK,OK,3.1,Healthy,Off-line
488,SPCrb301_TA1,OK,OK,4.1,Healthy,Off-line
489,SPCrb302_TA2,OK,OK,4.1,Healthy,Online
490,SPCrb307_TC1,OK,OK,1.1,--,--
491,SPCrb307_TC2,OK,OK,1.1,--,--
492,SPCrb307_TC3,NC,NC,0.0,--,--
493,SPCrb307_LKD1,OK,OK,2.0,--,--
494,SPCrb307_LKD2,OK,OK,2.0,--,--
495,SPCrb303_1,OK,OK,3.1,Healthy,Off-line
496,SPCrb303_2,OK,OK,3.1,Healthy,Online
497,SPCrb304_TC1,OK,OK,1.1,--,--
498,SPCrb304_TC2,OK,OK,1.1,--,--
499,SPCrb304_TC3,OK,OK,1.1,--,--
500,SPCrb304_TC4,OK,OK,1.1,--,--
501,SPCrb304_TC5,OK,OK,1.1,--,--
502,SPCrb304_TC6,OK,OK,1.1,--,--
503,SPCrb304_TC7,OK,OK,1.1,--,--
504,SPCrb304_TC8,OK,OK,1.1,--,--
505,SPCrb304_TC9,OK,OK,1.1,--,--
506,SPCrb304_TC10,OK,OK,1.1,--,--
507,SPCrb304_TC11,OK,OK,1.1,--,--
508,SPCrb304_TC12,OK,OK,1.1,--,--
509,SPCrb305_LKD1,OK,OK,2.0,--,--
510,SPCrb305_LKD2,OK,OK,2.0,--,--
511,SPCrb305_LKD3,OK,OK,2.0,--,--
512,SPCrb305_LKD4,OK,OK,2.0,--,--
513,SPCrb305_LKD5,OK,OK,2.0,--,--
514,SPCrb305_LKD6,OK,OK,2.0,--,--
515,SPCrb305_LKD7,OK,OK,2.0,--,--
516,SPCrb305_LKD8,OK,OK,2.0,--,--
517,SPCrb305_LKD9,OK,OK,2.0,--,--
518,SPCrb305_LKD10,OK,OK,2.0,--,--
519,SPCrb305_LKD11,OK,OK,2.0,--,--
520,SPCrb313_DI1,NC,NC,0.0,--,--
521,SPCrb313_TC1,OK,OK,1.1,--,--
522,SPCrb313_TC2,OK,OK,1.1,--,--
523,SPCrb313_TC3,OK,OK,1.1,--,--
524,SPCrb313_TC4,OK,OK,1.1,--,--
525,SPCrb313_LKD1,OK,OK,1.1,--,--
526,SPCrb313_LKD2,OK,OK,1.1,--,--
527,SPCrb313_LKD3,OK,OK,1.1,--,--
528,SPCrb313_LKD4,OK,OK,1.1,--,--
529,RTUrb24_001_TC1,OK,OK,1.1,--,--
530,RTUrb24_001_TC2,OK,OK,1.1,--,--
531,RTUrb24_001_TC3,OK,OK,1.1,--,--
532,RTUrb24_001_TC4,OK,OK,1.1,--,--
533,RTUrb24_002_TC1,NC,NC,0.0,--,--
534,RTUrb24_002_TC2,OK,OK,1.1,--,--
535,RTUrb24_002_TC3,OK,OK,1.1,--,--
536,RTUrb31_004_TC1,OK,OK,1.1,--,--
537,RTUrb31_004_TC2,OK,OK,1.1,--,--
538,RTUrb31_004_TC3,OK,OK,1.1,--,--
539,RTUrb31_004_TC4,OK,OK,1.1,--,--
540,RTUrb31_004_TC5,OK,OK,1.1,--,--
541,RTUrb31_004_TC6,OK,OK,1.1,--,--
542,RTUrb31_004_TC7,OK,OK,1.1,--,--
543,RTUrb31_004_TC8,OK,OK,1.1,--,--
544,RTUrb31_004_TC9,NC,NC,0.0,--,--
545,RTUrb31_004_TC10,OK,OK,1.1,--,--
546,RTUrb31_004_TC11,OK,OK,1.1,--,--
547,RTUrb31_004_TC12,OK,OK,1.1,--,--
548,RTUrb31_004_TC13,OK,OK,1.0,--,--
549,RTUrb31_005_AI1,OK,OK,1.1,--,--
550,RTUrb31_005_TC1,OK,OK,1.1,--,--
551,RTUrb31_005_TC2,OK,OK,1.1,--,--
552,RTUrb31_005_TC3,OK,OK,1.1,--,--
553,RTUrb31_005_TC4,OK,OK,1.1,--,--
554,RTUrb31_005_TC5,OK,OK,1.1,--,--
555,RTUrb31_005_TC6,OK,OK,1.1,--,--
556,RTUrb31_005_TC7,OK,OK,1.1,--,--
557,RTUrb31_005_TC8,OK,OK,1.1,--,--
558,RTUrb31_005_TC9,OK,OK,1.1,--,--
559,RTUrb31_005_TC10,OK,OK,1.1,--,--
560,RTUrb31_006_TC1,OK,OK,1.1,--,--
561,RTUrb31_006_TC2,OK,OK,1.1,--,--
562,RTUrb31_006_TC3,OK,OK,1.1,--,--
563,RTUrb31_006_TC4,OK,OK,1.1,--,--
564,RTUrb31_006_TC5,OK,OK,1.1,--,--
565,RTUrb31_006_TC6,OK,OK,1.1,--,--
566,RTUrb31_006_TC7,OK,OK,1.1,--,--
567,RTUrb31_006_TC8,OK,OK,1.1,--,--
568,RTUrb31_006_TC9,OK,OK,1.1,--,--
569,RTUrb31_006_TC10,NC,OK,1.1,--,--
570,RTUrb31_006_TC11,OK,OK,1.1,--,--
571,RTUrb31_006_TC12,NC,NC,0.0,--,--
572,RTUrb31_007_TC1,OK,OK,1.1,--,--
573,RTUrb31_007_TC2,OK,OK,1.1,--,--
574,RTUrb31_007_TC3,OK,OK,1.1,--,--
575,RTUrb31_007_TC4,NC,OK,1.1,--,--
576,RTUrb31_007_TC5,OK,OK,1.1,--,--
577,RTUrb31_007_TC6,OK,OK,1.1,--,--
578,RTUrb31_007_TC7,OK,OK,1.1,--,--
579,RTUrb31_007_TC8,OK,OK,1.1,--,--
580,RTUrb31_007_TC9,OK,OK,1.1,--,--
581,RTUrb31_007_TC10,OK,OK,1.1,--,--
582,RTUrb31_007_TC11,OK,NC,1.1,--,--
583,RTUrb31_007_TC12,OK,OK,1.1,--,--
584,RTUrb31_007_TC13,OK,OK,1.1,--,--
585,RTUrb24_001_DI1,OK,OK,1.0,--,--
586,RTUrb24_001_LKD1,OK,OK,1.1,--,--
587,RTUrb24_001_TC5,OK,OK,1.1,--,--
588,RTUrb24_002_DI1,OK,OK,1.0,--,--
589,RTUrb24_002_LKD1,OK,OK,1.1,--,--
590,RTUrb24_002_TC4,OK,OK,1.1,--,--
591,LCPrb11_800_AI1,NC,NC,0.0,--,--
592,LCPrb11_800_TC1,NC,NC,0.0,--,--
593,LCPrb11_800_TC2,NC,NC,0.0,--,--
594,LCPrb11_800_TC3,NC,NC,0.0,--,--
595,LCPrb11_800_LKD1,NC,NC,0.0,--,--
596,LCPrb11_800_LKD2,NC,NC,0.0,--,--
597,LCPrb11_800_LKD3,NC,NC,0.0,--,--
598,LCPrb11_800_LKD4,NC,NC,0.0,--,--
599,LCPrb11_800_DI1,NC,NC,0.0,--,--
600,LCPrb11_800_RO1,NC,NC,0.0,--,--
601,RTUrb80_005_UNIV1,OK,OK,1.0,--,--
602,RTUrb80_005_UNIV2,OK,OK,1.0,--,--
603,RTUrb80_005_DI_RO1,OK,OK,1.0,--,--
604,RTUrb80_005_DI_RO2,OK,OK,1.0,--,--
605,RTUrb80_005_DI_RO3,OK,OK,1.0,--,--
606,RTUrb80_005_DI_RO4,OK,OK,1.0,--,--
607,RTUrb80_005_DI_RO5,OK,OK,1.0,--,--
608,RTUrb80_005_DI_RO6,OK,OK,1.0,--,--
609,RTUrb80_005_DI1,OK,OK,1.0,--,--
610,RTUrb80_005_DI2,OK,OK,1.0,--,--
611,RTUrb80_005_DI3,OK,OK,1.0,--,--
612,RTUrb80_005_DI4,NC,NC,0.0,--,--
613,SPCcb101_CTMS,OK,OK,2.3,--,--
614,SPCcb101_CSA,OK,OK,3.1,--,--
615,SPCcb102,OK,OK,3.1,--,--
616,SPCcb109,OK,OK,2.2,--,--
617,SPCcb107,OK,OK,3.6,--,--
618,SPCcb113_1,OK,OK,2.1,Healthy,--
619,SPCcb113_2,OK,OK,2.1,Healthy,Online
620,SPCcb108,NC,NC,0.0,--,--
621,SPCcb206,OK,OK,2.1,--,--
622,SPCcb201_CTMS,OK,OK,2.3,--,--
623,SPCcb201_CSA,OK,OK,3.1,--,--
624,SPCcb202,OK,OK,3.1,--,--
625,SPCcb205,OK,OK,3.6,--,--
626,SPCcb213_1,OK,OK,2.1,Healthy,--
627,SPCcb213_2,OK,OK,2.1,Healthy,Off-line
628,SPCcb208,OK,OK,2.0,--,--
629,SPCcb301_CTMS,OK,OK,2.3,--,--
630,SPCcb301_CSA,OK,OK,3.1,--,--
631,SPCcb302,OK,OK,3.1,--,--
632,SPCcb310,OK,OK,2.1,--,--
633,SPCcb307,OK,OK,3.6,--,--
634,SPCcb312_1,OK,OK,2.1,Healthy,Off-line
635,SPCcb312_2,OK,OK,2.1,Healthy,Online
636,SPCcb313_1,OK,OK,2.1,Healthy,--
637,SPCcb313_2,OK,OK,2.1,Healthy,Online
638,SPCcb319_1,OK,OK,2.1,Healthy,--
639,SPCcb319_2,OK,OK,2.1,Healthy,Online
640,RTUcb64_002_DI1,OK,OK,0.0,--,--
641,RTUcb64_002_DI2,NC,OK,0.0,--,--
642,RTUeb64_009_DI1,OK,OK,0.0,--,--
643,RTUeb64_009_DI2,OK,OK,0.0,--,--
644,RTUeb280_002_UNIV1,OK,OK,1.0,--,--
645,RTUeb280_002_DI_RO1,OK,OK,1.0,--,--
646,RTUeb280_002_DI_RO2,OK,OK,1.0,--,--
647,RTUeb280_002_DI_RO3,OK,OK,1.0,--,--
648,RTUeb280_002_DI_RO4,OK,OK,1.0,--,--
649,RTUeb280_002_DI_RO5,NC,NC,0.0,--,--
650,RTUeb280_002_DI_RO6,NC,NC,0.0,--,--
651,RTUeb280_002_DI_RO7,OK,OK,1.0,--,--
652,RTUeb280_002_DI_RO8,OK,OK,1.0,--,--
653,RTUeb280_002_DI1,OK,OK,1.0,--,--
654,RTUeb280_002_DI2,OK,OK,1.0,--,--
655,RTUeb280_002_DI3,OK,OK,1.0,--,--
656,SPCcb408_1,OK,OK,2.1,Healthy,Online
657,SPCcb408_2,OK,OK,2.1,Healthy,Off-line
658,SPCcb407_1,OK,OK,2.2,Healthy,Online
659,SPCcb407_2,OK,OK,2.2,Healthy,Off-line
660,SPCcb412_1,NC,NC,0.0,Unhealthy,--
661,SPCcb412_2,NC,NC,0.0,Unhealthy,NC
662,SPCcb409,NC,NC,0.0,Unhealthy,NC
663,SPCcb410,NC,NC,0.0,Unhealthy,NC
664,SPCcb401_1_CSR_RTC1,NC,NC,0.0,Unhealthy,NC
665,SPCcb402_2_CSR_RTC1,NC,NC,0.0,Unhealthy,NC
666,SPCcb402_1_CSR_RTC2,NC,NC,0.0,Unhealthy,NC
667,SPCcb403_2_CSR_RTC2,NC,NC,0.0,Unhealthy,NC
668,SPCcb403_1_CSR_RTC3,NC,NC,0.0,Unhealthy,NC
669,SPCcb401_2_CSR_RTC3,NC,NC,0.0,Unhealthy,NC
670,SPCcb413,OK,OK,1.1,--,--
671,RTUcb80_012_AI1,OK,OK,1.1,--,--
672,RTUcb80_012_AI2,OK,OK,1.1,--,--
673,RTUcb80_012_DI1,OK,OK,1.0,--,--
674,RTUcb80_012_DI2,OK,OK,1.0,--,--
675,RTUcb80_012_DI3,OK,OK,1.0,--,--
676,RTUcb80_012_DI4,OK,OK,1.0,--,--
677,RTUcb80_012_RO1,OK,OK,1.1,--,--
678,RTUcb80_012_RO2,OK,OK,1.1,--,--
679,RTUcb80_012_RO3,OK,OK,1.1,--,--
680,RTUcb80_012_RO4,OK,OK,1.1,--,--
681,RTUeb64_008_DI1,OK,NC,0.0,--,--
682,RTUeb64_008_DI2,OK,OK,0.0,--,--
683,RTUeb180_002_UINV1,OK,OK,1.0,--,--
684,RTUeb180_002_DI_RO1,OK,OK,1.0,--,--
685,RTUeb180_002_DI_RO2,OK,OK,1.0,--,--
686,RTUeb180_002_DI_RO3,OK,OK,1.0,--,--
687,RTUeb180_002_DI_RO4,NC,NC,0.0,--,--
688,RTUeb180_002_DI_RO5,OK,OK,1.0,--,--
689,RTUeb180_002_DI_RO6,NC,NC,0.0,--,--
690,RTUeb180_002_DI_RO7,OK,OK,1.0,--,--
691,RTUeb180_002_DI_RO8,NC,NC,0.0,--,--
692,RTUeb180_002_DI_RO9,OK,OK,1.0,--,--
693,RTUeb180_002_DI1,OK,OK,1.0,--,--
694,RTUeb180_002_DI2,OK,OK,1.0,--,--
695,RTUeb180_002_DI3,OK,OK,1.0,--,--
696,SPCfb113_UWT,OK,OK,3.1,Healthy,Off-line
697,SPCfb114_UWT,OK,OK,3.1,Healthy,Online
698,SPCfb117_1,OK,OK,2.1,Healthy,Online
699,SPCfb117_2 ,OK,OK,2.1,Healthy,Off-line
700,SPCfb101,OK,OK,2.4,Healthy,Off-line
701,SPCfb102,OK,OK,2.4,Healthy,Online
702,SPCfb108_SSWF1,OK,OK,2.1,Healthy,Off-line
703,SPCfb109_SSWF1,OK,OK,2.1,Healthy,Online
704,SPCfb108_SSWF2,OK,OK,2.2,Healthy,Online
705,SPCfb109_SSWF2,OK,OK,2.2,Healthy,Off-line
706,SPCfb115,OK,OK,2.9,Healthy,Off-line
707,SPCfb116,OK,OK,2.9,Healthy,Online
708,SPCfb118,OK,OK,2.4,Healthy,Online
709,SPCfb119,OK,OK,2.4,Healthy,Off-line
710,SPCfbCTM_FS1,OK,OK,3.2,Healthy,Online
711,SPCfbCTM_FS2,OK,OK,3.2,Healthy,Off-line
712,SPCfbCTM_SS1,OK,OK,3.2,Healthy,Off-line
713,SPCfbCTM_SS2,OK,OK,3.2,Healthy,Online
714,SPCfb113_SSTM,OK,OK,4.0,Healthy,Off-line
715,SPCfb114_SSTM,OK,OK,4.0,Healthy,Online
716,SPCfb103_PDA,NC,NC,0.0,--,--
717,SPCfb121,OK,OK,1.1,--,--
718,SPCfb103_ESR,NC,NC,0.0,--,--
719,RTUfb64_003_DI1,NC,NC,0.0,--,--
720,RTUfb64_003_DI2,NC,NC,0.0,--,--
721,RTUfb80_010_AI1,OK,OK,1.1,--,--
722,RTUfb80_010_AI2,OK,OK,1.1,--,--
723,RTUfb80_010_DI1,OK,OK,1.0,--,--
724,RTUfb80_010_DI2,OK,OK,1.0,--,--
725,RTUfb80_010_RO1,OK,OK,1.1,--,--
726,RTUfb80_010_RO2,OK,OK,1.1,--,--
727,RTUfb80_007_UNIV1,OK,OK,1.0,--,--
728,RTUfb80_007_DIRO1,OK,OK,1.0,--,--
729,RTUfb80_007_DIRO2,OK,OK,1.0,--,--
730,RTUfb80_007_DIRO3,OK,OK,1.0,--,--
731,RTUfb80_007_DIRO4,OK,OK,1.0,--,--
732,RTUfb80_007_DIRO5,OK,OK,1.0,--,--
733,RTUfb80_007_DIRO6,OK,OK,1.0,--,--
734,RTUfb80_007_DI1,OK,OK,1.0,--,--
735,RTUfb80_007_DI2,OK,OK,1.0,--,--
736,RTUfb80_007_DI3,OK,OK,1.0,--,--
737,RTUfb80_007_DI4,OK,OK,1.0,--,--
738,RTUnb64_013_DI1,NC,NC,0.0,--,--
739,RTUsb64_006_DI1,NC,OK,0.0,--,--
740,RTUsb80_800_DI1,OK,OK,1.0,--,--
741,RTUsb80_800_DI2,OK,OK,1.0,--,--
742,RTUsb80_800_RO1,OK,OK,1.1,--,--
743,RTUsb80_800_RO2,NC,NC,0.0,--,--
744,RTUsb80_800_AI1,OK,OK,1.1,--,--
745,RTUsb80_800_AI2,OK,OK,1.1,--,--
746,RTUsb80_800_AI3,OK,OK,1.1,--,--
747,RTUsb80_001_DI1,OK,OK,1.0,--,--
748,RTUsb80_001_DI2,NC,NC,0.0,--,--
749,RTUsb80_001_RO1,NC,NC,0.0,--,--
750,RTUsb80_001_RO2,NC,NC,0.0,--,--
751,RTUsb80_001_AI1,NC,NC,0.0,--,--
752,RTUsb80_001_AI2,OK,OK,1.1,--,--
753,RTUsb80_001_DI3,OK,NC,1.0,--,--
754,RTUsb80_001_AI3,OK,OK,1.1,--,--
755,RTUsb80_001_AI4,OK,NC,1.1,--,--
756,RTUsb80_001_DI4,NC,NC,0.0,--,--
757,RTUsb80_001_DI5,OK,OK,1.0,--,--
758,RTUsb80_001_RO3,OK,OK,1.1,--,--
759,RTUsb80_001_RO4,OK,OK,1.1,--,--
760,RTUsb80_001_RO5,OK,OK,1.1,--,--
761,RTUsb80_001_RO6,NC,NC,0.0,--,--
762,SPCwb101_1,OK,OK,2.4,Healthy,Online
763,SPCwb101_2,OK,OK,2.4,Healthy,Off-line
764,RTUwb64_007_DI1,OK,OK,0.0,--,--
765,RTUdb64_015_DI1,NC,NC,0.0,--,--
766,RTUwb80_004_AI1,OK,OK,1.1,--,--
767,RTUwb80_004_AI2,OK,OK,1.1,--,--
768,RTUwb80_004_DI1,OK,OK,1.0,--,--
769,RTUwb80_004_DI2,NC,NC,0.0,--,--
770,RTUwb80_004_DI3,OK,OK,1.0,--,--
771,RTUwb80_004_DI4,OK,OK,1.0,--,--
772,RTUwb80_004_RO1,OK,OK,1.1,--,--
773,RTUwb80_004_RO2,OK,OK,1.1,--,--
774,RTUwb80_004_RO3,OK,OK,1.1,--,--
775,RTUwb80_004_RO4,OK,OK,1.1,--,--
776,RTUtb64_019_DI1,NC,OK,0.0,--,--
777,RTUtb64_019_DI2,OK,NC,0.0,--,--
778,RTUtb64_020_DI1,NC,OK,0.0,--,--
779,RTUtb64_020_DI2,OK,NC,0.0,--,--
780,RTUrh64_010_DI1,OK,NC,0.0,--,--
781,RTUph80_001_101,NC,NC,0.0,--,--
782,RTUph80_001_102,NC,NC,0.0,--,--
783,RTUsg22_107_TC6_113,OK,OK,1.1,--,--
784,RTUsg30_109_TC3_105,OK,OK,1.1,--,--
785,RTUsg30_109_TC4_106,OK,OK,1.1,--,--
786,RTUsg37_104_TC3_105,OK,OK,1.1,--,--
787,RTUsg37_104_TC4_106,OK,OK,1.1,--,--
788,RTUsg45_105_TC5_111,OK,OK,1.1,--,--
789,RTUsg45_105_TC6_112,OK,OK,1.1,--,--
790,RTUsg22_207_TC6_113,OK,OK,1.1,--,--
791,RTUsg30_209_TC3_105,OK,OK,1.1,--,--
792,RTUsg30_209_TC4_106,OK,OK,1.1,--,--
793,RTUsg37_204_TC3_105,OK,OK,1.1,--,--
794,RTUsg37_204_TC4_106,OK,OK,1.1,--,--
795,RTUsg45_205_TC5_111,OK,OK,1.1,--,--
796,RTUsg45_205_TC6_112,OK,OK,1.1,--,--
797,SPCsg102_MILD_B5,NC,NC,0.0,--,--
798,SPCsg104_MILD_B5,NC,NC,0.0,--,--
799,SPCsg108_MILD_B1,OK,OK,1.3,--,--
800,SPCsg114_MILD_B1,OK,OK,1.3,--,--
801,SPCsg122_MILD_B1,OK,OK,1.3,--,--
802,SPCsg202_MILD_B5,NC,NC,0.0,--,--
803,SPCsg204_MILD_B5,NC,NC,0.0,--,--
804,SPCsg208_MILD_B1,OK,OK,1.3,--,--
805,SPCsg214_MILD_B1,OK,OK,1.3,--,--
806,SPCsg222_MILD_B1,OK,OK,1.3,--,--
807,SPCrb104_MILD_B1,OK,OK,1.3,--,--
808,SPCrb104_MILD_B4,OK,OK,1.3,--,--
809,SPCrb104_MILD_B5,OK,OK,1.3,--,--
810,SPCrb104_MILD_B2,OK,OK,1.3,--,--
811,SPCrb104_MILD_B3,OK,OK,1.3,--,--
812,SPCrb104_MILD_B6,OK,OK,1.3,--,--
813,SPCrb105_MILD_B1,OK,OK,1.3,--,--
814,SPCrb105_MILD_B2,OK,OK,1.3,--,--
815,SPCrb105_MILD_B3,OK,OK,1.3,--,--
816,SPCrb105_MILD_B4,OK,OK,1.3,--,--
817,SPCrb105_MILD_B5,OK,OK,1.3,--,--
818,SPCrb313_MILD_B1,OK,OK,1.3,--,--
819,SPCrb313_MILD_B3,OK,OK,1.3,--,--
820,SPCrb313_MILD_B4,NC,NC,0.0,--,--
821,SPCrb313_MILD_B2,OK,OK,1.3,--,--
822,SPCrb314_MILD_B1,OK,OK,1.3,--,--
823,SPCrb314_MILD_B2,OK,OK,1.3,--,--
824,SPCrb314_MILD_B3,OK,NC,1.3,--,--
825,SPCrb314_MILD_B4,OK,OK,1.3,--,--
826,SPCrb314_MILD_B5,OK,NC,1.3,--,--
827,SPCrb104_TC5,OK,OK,1.1,--,--
828,SPCrb313_TC5,OK,OK,1.1,--,--
829,RTUsg30_209_TC5,OK,OK,1.1,--,--
830,RTUsg30_209_TC6,OK,OK,1.1,--,--
831,RTUsg30_209_TC7,NC,NC,0.0,--,--
832,RTUsg30_209_TC8,NC,NC,0.0,--,--
833,RTUsg30_209_TC9,NC,NC,0.0,--,--
834,RTUsg30_209_LKD3,OK,NC,1.1,--,--
835,RTUsg30_209_LKD4,OK,OK,1.1,--,--
836,RTUsg30_209_DI1,NC,NC,0.0,--,--
837,SPCrb313_MILD_B5,OK,OK,1.3,--,--
838,LCPrb11_800_TC4,NC,NC,0.0,--,--
839,RTUdg64_011,NC,OK,0.0,--,--
840,RTUdg64_012,OK,OK,0.0,--,--
841,RTUrh64_014,OK,NC,0.0,--,--
842,RTUcp64_017,OK,OK,0.0,--,--
843,RTUph64_016,OK,NC,0.0,--,--
844,RTUsy64_018,NC,NC,0.0,--,--
845,MCCeb52_103_PLC2,OK,NA,--,--,--
846,MCCeb52_104_PLC2,OK,NA,--,--,--
847,MVBeb51_300A_1_P,OK,NA,--,--,--
848,MVBeb51_300B_1_P,OK,NA,--,--,--
849,MVBeb52_100A_1_P,OK,NA,--,--,--
850,MVBeb52_100B_1_P,OK,NA,--,--,--
851,MVBeb52_100C_1_P,OK,NA,--,--,--
852,MVBeb52_100D_1_P,OK,NA,--,--,--
853,MVBeb51_400A_1_P,OK,NA,--,--,--
854,MVBeb51_400B_1_P,OK,NA,--,--,--
855,MVBeb52_200A_1_P,OK,NA,--,--,--
856,MVBeb52_200B_1_P,OK,NA,--,--,--
857,MVBeb52_200C_1_P,OK,NA,--,--,--
858,MVBeb52_200D_1_P,OK,NA,--,--,--
859,MVBsb51_500A_1_P,OK,NA,--,--,--
860,MVBsb51_500B_1_P,OK,NA,--,--,--
861,MVBsh52_300A_1_P,OK,NA,--,--,--
862,MVBsh52_300B_1_P,OK,NA,--,--,--
863,MCCsg52_201_PLC2,OK,NA,--,--,--
864,MCCsg52_104_PLC2,OK,NA,--,--,--
865,MCCsg52_202_PLC2,OK,NA,--,--,--
866,MCCrb52_104_1_P,OK,NA,--,--,--
867,MCCrb52_105_1_P,OK,NA,--,--,--
868,MCCrb52_204_1_P,OK,NA,--,--,--
869,MCCrb52_205_1_P,OK,NA,--,--,--
870,MCCsg52_103_1_P,OK,NA,--,--,--
871,MCCsg52_104_1_P,OK,NA,--,--,--
872,MCCwb51_501_1_P,OK,NA,--,--,--
873,MCCwb51_502_1_P,OK,NA,--,--,--
874,MCCeb52_101_1_P,OK,NA,--,--,--
875,MCCeb52_102_1_P,OK,NA,--,--,--
876,MCCeb52_103_1_P,OK,NA,--,--,--
877,MCCeb52_104_1_P,OK,NA,--,--,--
878,MCCeb51_301_1_P,OK,NA,--,--,--
879,MCCeb51_302_1_P,OK,NA,--,--,--
880,MCCeb52_201_1_P,OK,NA,--,--,--
881,MCCeb52_202_1_P,OK,NA,--,--,--
882,MCCeb52_203_1_P,OK,NA,--,--,--
883,MCCeb52_204_1_P,OK,NA,--,--,--
884,MCCrb52_101_1_P,OK,NA,--,--,--
885,MCCrb52_102_1_P,OK,NA,--,--,--
886,MCCrb52_201_1_P,OK,NA,--,--,--
887,MCCrb52_202_1_P,OK,NA,--,--,--
888,MCCsg51_302_1_P,OK,NA,--,--,--
889,MCCsg52_101_1_P,OK,NA,--,--,--
890,MCCsg52_102_1_P,OK,NA,--,--,--
891,MCCwb52_201_1_P,OK,NA,--,--,--
892,MCCfb51_501_1_P,OK,NA,--,--,--
893,MCCfb51_502_1_P,OK,NA,--,--,--
894,HCCrb52_101_1_P,OK,NA,--,--,--
895,HCCsg52_101_1_P,OK,NA,--,--,--
896,HCCsg52_102_1_P,OK,NA,--,--,--
897,HCCsg51_309_1_P,OK,NA,--,--,--
898,MCCsg51_301_1_P,OK,NA,--,--,--
899,MCCsg52_201_1_P,OK,NA,--,--,--
900,MCCsg51_402_1_P,OK,NA,--,--,--
901,MCCsg52_204_1_P,OK,NA,--,--,--
902,MCCsg51_401_1_P,OK,NA,--,--,--
903,HCCrb52_201_1_P,OK,NA,--,--,--
904,MCCfb52_201_1_P,NC,NA,--,--,--
905,MCCfb52_101_1_P,OK,NA,--,--,--
906,MCCsg53_101_1_P,NC,NA,--,--,--
907,MCCsg53_102_1_P,NC,NA,--,--,--
908,MCCsg53_201_1_P,NC,NA,--,--,--
909,MCCsg53_202_1_P,NC,NA,--,--,--
910,HCCsg52_201_1_P,OK,NA,--,--,--
911,HCCsg52_202_1_P,OK,NA,--,--,--
912,HCCsg51_308_1_P,OK,NA,--,--,--
913,HCCsg51_408_1_P,OK,NA,--,--,--
914,HCCrb51_403_1_P,OK,NA,--,--,--
915,HCCsg51_409_1_P,OK,NA,--,--,--
916,MCCsg52_203_1_P,OK,NA,--,--,--
917,MCCrb51_403_1_P,OK,NA,--,--,--
918,HCCrb51_301_1_P,OK,NA,--,--,--
919,HCCrb51_302_1_P,OK,NA,--,--,--
920,HCCrb51_401_1_P,OK,NA,--,--,--
921,HCCrb51_402_1_P,OK,NA,--,--,--
922,MCCeb51_401_1_P,OK,NA,--,--,--
923,MCCeb51_402_1_P,OK,NA,--,--,--
924,MCCsh52_101_1_P,OK,NA,--,--,--
925,MCCsh52_102_1_P,OK,NA,--,--,--
926,MCCsb51_501_1_P,OK,NA,--,--,--
927,MCCrb51_302_1_P,OK,NA,--,--,--
928,MCCrb51_303_1_P,OK,NA,--,--,--
929,HCCrb52_202_1_P,OK,NA,--,--,--
930,HVBeb52_100A_1_P,OK,NA,--,--,--
931,HVBeb52_100B_1_P,OK,NA,--,--,--
932,HVBeb52_200A_1_P,OK,NA,--,--,--
933,HVBeb52_200B_1_P,OK,NA,--,--,--
934,HCCrb51_304_1_P,OK,NA,--,--,--
935,MCCrb51_401_1_P,OK,NA,--,--,--
936,MCCrb51_402_1_P,OK,NA,--,--,--
937,HCCrb51_404_1_P,OK,NA,--,--,--
938,MCCsg52_202_1_P,OK,NA,--,--,--
939,HVBsb52_300A_1_P,OK,NA,--,--,--
940,HVBsb52_300B_1_P,OK,NA,--,--,--
941,HCCsg51_410_1_P,OK,NA,--,--,--
942,HCCsg51_310_1_P,OK,NA,--,--,--
943,MCCwb52_101_1_P,OK,NA,--,--,--
944,MCCrh51_001,NC,NA,--,--,--
945,MCCtb51_012,OK,NA,--,--,--
946,MCCsh52_101_PLC2,OK,NA,--,--,--
947,MCCsh52_102_PLC2,OK,NA,--,--,--
948,MCCsg52_204_PLC2,OK,NA,--,--,--
949,MCCsg52_103_PLC2,OK,NA,--,--,--
950,MCCtb52_003,NC,NA,--,--,--
951,MCCrb51_301_1_P,OK,NA,--,--,--
952,Hccrb52_102_1_P,OK,NA,--,--,--
953,MCCeb52_202_PLC2,OK,NA,--,--,--
954,MCCsg52_101_PLC2,OK,NA,--,--,--
955,MCCeb52_101_PLC2,OK,NA,--,--,--
956,MCCeb52_102_PLC2,OK,NA,--,--,--
957,MCCeb52_201_PLC2,OK,NA,--,--,--
958,MCCeb52_203_PLC2,OK,NA,--,--,--
959,MCCeb52_204_PLC2,OK,NA,--,--,--
960,MCCtb52_004,NC,NA,--,--,--
961,MCCsg52_102_PLC2,OK,NA,--,--,--
962,MCCtb51_014,NC,NA,--,--,--
963,MCCsg52_203_PLC2,OK,NA,--,--,--
964,,NC,NA,--,--,--
965,,NC,NA,--,--,--
966,,NC,NA,--,--,--
967,,NC,NA,--,--,--
968,,NC,NA,--,--,--
969,,NC,NA,--,--,--
970,,NC,NA,--,--,--
971,,NC,NA,--,--,--
972,,NC,NA,--,--,--
973,,NC,NA,--,--,--
974,,NC,NA,--,--,--
975,,NC,NA,--,--,--
976,,NC,NA,--,--,--
977,,NC,NA,--,--,--
978,,NC,NA,--,--,--
979,,NC,NA,--,--,--
980,,NC,NA,--,--,--
981,,NC,NA,--,--,--
982,,NC,NA,--,--,--
983,,NC,NA,--,--,--
984,,NC,NA,--,--,--
985,,NC,NA,--,--,--
986,,NC,NA,--,--,--
987,,NC,NA,--,--,--
988,,NC,NA,--,--,--
989,,NC,NA,--,--,--
990,,NC,NA,--,--,--
991,,NC,NA,--,--,--
992,,NC,NA,--,--,--
993,PPEna22_001_MFM,OK,NA,--,--,--
994,PPEna22_002_MFM,OK,NA,--,--,--
995,PPEna30_701_MFM,NC,NA,--,--,--
996,PPEna27_001_MFM,OK,NA,--,--,--
997,PPEna32_101_MFM,OK,NA,--,--,--
998,PPEna32_701_MFM,NC,NA,--,--,--
999,PPEna27_002_MFM,OK,NA,--,--,--
1000,PPEna30_101_MFM,OK,NA,--,--,--
1001,PPEna12_001_MFM,NC,NA,--,--,--
1002,PPEna11_001_MFM,OK,NA,--,--,--
1003,PPEna31_701_MFM,NC,NA,--,--,--
1004,PPEna33_701_MFM,NC,NA,--,--,--
1005,RAGrb60_203,OK,OK,--,--,--
1006,RAGrb60_106,NC,NC,--,--,--
1007,RAGrb38_500,NC,NC,--,--,--
1008,RAGrb38_501,OK,OK,--,--,--
1009,RAGrb16_001,OK,NC,--,--,--
1010,RAGrb60_103,NC,NC,--,--,--
1011,RAGrb60_104,OK,OK,--,--,--
1012,RAGrb60_204,OK,NC,--,--,--
1013,RAGrb60_107,OK,OK,--,--,--
1014,RAGfb60_601,OK,OK,--,--,--
1015,RAGfb60_105,NC,OK,--,--,--
1016,RAGfb60_110,OK,OK,--,--,--
1017,RAGfb60_109,OK,OK,--,--,--
1018,RAGfb60_108,OK,OK,--,--,--
1019,RAGfb60_121,NC,NC,--,--,--
1020,RAGfb60_401,NC,OK,--,--,--
1021,RAGfb60_008,NC,NC,--,--,--
1022,RAGwb60_004,OK,NC,--,--,--
1023,RAGwb60_005,OK,OK,--,--,--
1024,RAGwb60_602,NC,NC,--,--,--
1025,RAGwb60_003,OK,OK,--,--,--
1026,RAGwb60_002,NC,NC,--,--,--
1027,RAGwb60_008,OK,NC,--,--,--
1028,RAGwb60_009,OK,NC,--,--,--
1029,RAGcb60_110,OK,OK,--,--,--
1030,RAGgb1-60_116,NC,NC,--,--,--
1031,RAGgb2-60_111,OK,NC,--,--,--
1032,RAGlw76_101,NC,NC,--,--,--
1033,RAGlw76_102,NC,NC,--,--,--
1034,RAGlw76_103,NC,NC,--,--,--
1035,RAGlw76_104,NC,NC,--,--,--
1036,RAGlw76_105,NC,NC,--,--,--
1037,RAGlw76_106,NC,NC,--,--,--
1038,RAGlw60_101,NC,NC,--,--,--
1039,RAGlw60_102,NC,NC,--,--,--
1040,RAGlw60_103,NC,NC,--,--,--
1041,RAGlw60_104,NC,NC,--,--,--
1042,RAGlw60_105,NC,NC,--,--,--
1043,RAGlw60_106,NC,NC,--,--,--
1044,RAGcl60_001,NC,NC,--,--,--
1045,RAGcl60_002,NC,NC,--,--,--
1046,RAGcl60_003,NC,NC,--,--,--
1047,RAGcl60_004,NC,NC,--,--,--
1048,RAGcl60_005,NC,NC,--,--,--
1049,RAGcl60_006,NC,NC,--,--,--
1050,VDRwb60_101D,NC,NC,--,--,--
1051,VDRwb76_801,OK,NC,--,--,--
1052,VDRwb76_802,NC,NC,--,--,--
1053,VDRwb60_001,OK,OK,--,--,--
1054,VDRwb60_002,NC,NC,--,--,--
1055,VDRwb60_003,OK,OK,--,--,--
1056,VDRwb60-004,OK,OK,--,--,--
1057,VDRrb80-803,OK,OK,--,--,--
1058,VDRrb80-802,OK,NC,--,--,--
1059,VDRrb80-007,NC,NC,--,--,--
1060,VDRcb80-001A,OK,OK,--,--,--
1061,VDRcb80-001B,OK,NC,--,--,--
1062,ERMmg60-900,NC,NC,--,--,--
1063,ERMlw60-901,NC,NC,--,--,--
1064,ERMsh60-902,NC,NC,--,--,--
1065,ERMrh60-903,NC,NC,--,--,--
1066,ERMca60-904,NC,NC,--,--,--
1067,RGArb10-001,NC,NC,--,--,--
1068,RGArb10-002,NC,NC,--,--,--
1069,RGArb10-003,NC,NC,--,--,--
1070,RGArb10-004,NC,NC,--,--,--
1071,RGArb60-200,NC,NC,--,--,--
1072,RGArb60-201,NC,NC,--,--,--
1073,RGArb60-202,NC,NC,--,--,--
1074,RAGrb60_006A,NC,NC,--,--,--
1075,RAGrb60_006B,NC,NC,--,--,--
1076,RGAfb36-501,NC,OK,--,--,--
1077,RGAfb36-502,OK,OK,--,--,--
1078,RGArb02-700,NC,OK,--,--,--
1079,RGArb13-801,OK,OK,--,--,--
1080,RGArb13-802,OK,NC,--,--,--
1081,RPArb38-501,OK,NC,--,--,--
1082,RPArb38-502,OK,OK,--,--,--
1083,RPArb60-300,NC,NC,--,--,--
1084,RPArb60-301,OK,NC,--,--,--
1085,RPArb60-302,OK,NC,--,--,--
1086,RPAfb60-304,OK,OK,--,--,--
1087,RPAwb60-305,OK,OK,--,--,--
1088,RPArb60-104,OK,OK,--,--,--
1089,RLAfb36-501,OK,NC,--,--,--
1090,RLAfb36-502,OK,OK,--,--,--
1091,RLArb38-500,OK,NC,--,--,--
1092,RLAfb39-001,OK,NC,--,--,--
1093,RLAfb39-002,OK,OK,--,--,--
1094,RLAfb39-003,NC,NC,--,--,--
1095,RPArb13-001,NC,NC,--,--,--
1096,RGArb10-005,NC,NC,--,--,--
1097,RGArb10-006,NC,NC,--,--,--
1098,RIAsk60-001,NC,NC,--,--,--
1099,RIAsk60-002,NC,NC,--,--,--
1100,RPAsk60-001,NC,NC,--,--,--
1101,RPAsk60-002,NC,NC,--,--,--
1102,RGAsk60-001,NC,NC,--,--,--
